{
  "last_training_accuracy": 0.9749065357407842,
  "strategies_performance": {
    "bollinger_rsi": {
      "success_rate": 0.917478354978355,
      "last_used": "2025-07-25 03:11:42.423365"
    },
    "macd_crossover": {
      "success_rate": 0.87,
      "last_used": "2025-07-23 18:45"
    }
  },
  "last_errors": [
    "Missing feature: pnl",
    "Invalid prediction input shape"
  ],
  "last_training_model": "LightGBM",
  "rl_policy": "ppo_20250728_193807.zip",
  "rl_agent_type": "PPO",
  "rl_last_train_steps": 60000,
  "rl_last_train_reward": 15.511767387390137
}